{
 "cells": [
  {
   "cell_type": "markdown",
   "metadata": {},
   "source": [
    "# TV Script Generation\n",
    "\n",
    "In this project, you'll generate your own [Seinfeld](https://en.wikipedia.org/wiki/Seinfeld) TV scripts using RNNs.  You'll be using part of the [Seinfeld dataset](https://www.kaggle.com/thec03u5/seinfeld-chronicles#scripts.csv) of scripts from 9 seasons.  The Neural Network you'll build will generate a new ,\"fake\" TV script, based on patterns it recognizes in this training data.\n",
    "\n",
    "## Get the Data\n",
    "\n",
    "The data is already provided for you in `./data/Seinfeld_Scripts.txt` and you're encouraged to open that file and look at the text. \n",
    ">* As a first step, we'll load in this data and look at some samples. \n",
    "* Then, you'll be tasked with defining and training an RNN to generate a new script!"
   ]
  },
  {
   "cell_type": "code",
   "execution_count": 1,
   "metadata": {},
   "outputs": [],
   "source": [
    "\"\"\"\n",
    "DON'T MODIFY ANYTHING IN THIS CELL\n",
    "\"\"\"\n",
    "# load in data\n",
    "import helper\n",
    "data_dir = './data/Seinfeld_Scripts.txt'\n",
    "text = helper.load_data(data_dir)"
   ]
  },
  {
   "cell_type": "markdown",
   "metadata": {},
   "source": [
    "## Explore the Data\n",
    "Play around with `view_line_range` to view different parts of the data. This will give you a sense of the data you'll be working with. You can see, for example, that it is all lowercase text, and each new line of dialogue is separated by a newline character `\\n`."
   ]
  },
  {
   "cell_type": "code",
   "execution_count": 2,
   "metadata": {},
   "outputs": [
    {
     "name": "stdout",
     "output_type": "stream",
     "text": [
      "Dataset Stats\n",
      "Roughly the number of unique words: 46367\n",
      "Number of lines: 109233\n",
      "Average number of words in each line: 5.544240293684143\n",
      "\n",
      "The lines 0 to 10:\n",
      "jerry: do you know what this is all about? do you know, why were here? to be out, this is out...and out is one of the single most enjoyable experiences of life. people...did you ever hear people talking about we should go out? this is what theyre talking about...this whole thing, were all out now, no one is home. not one person here is home, were all out! there are people trying to find us, they dont know where we are. (on an imaginary phone) did you ring?, i cant find him. where did he go? he didnt tell me where he was going. he must have gone out. you wanna go out you get ready, you pick out the clothes, right? you take the shower, you get all ready, get the cash, get your friends, the car, the spot, the reservation...then youre standing around, what do you do? you go we gotta be getting back. once youre out, you wanna get back! you wanna go to sleep, you wanna get up, you wanna go out again tomorrow, right? where ever you are in life, its my feeling, youve gotta go. \n",
      "\n",
      "jerry: (pointing at georges shirt) see, to me, that button is in the worst possible spot. the second button literally makes or breaks the shirt, look at it. its too high! its in no-mans-land. you look like you live with your mother. \n",
      "\n",
      "george: are you through? \n",
      "\n",
      "jerry: you do of course try on, when you buy? \n",
      "\n",
      "george: yes, it was purple, i liked it, i dont actually recall considering the buttons. \n",
      "\n"
     ]
    }
   ],
   "source": [
    "view_line_range = (0, 10)\n",
    "\n",
    "\"\"\"\n",
    "DON'T MODIFY ANYTHING IN THIS CELL THAT IS BELOW THIS LINE\n",
    "\"\"\"\n",
    "import numpy as np\n",
    "\n",
    "print('Dataset Stats')\n",
    "print('Roughly the number of unique words: {}'.format(len({word: None for word in text.split()})))\n",
    "\n",
    "lines = text.split('\\n')\n",
    "print('Number of lines: {}'.format(len(lines)))\n",
    "word_count_line = [len(line.split()) for line in lines]\n",
    "print('Average number of words in each line: {}'.format(np.average(word_count_line)))\n",
    "\n",
    "print()\n",
    "print('The lines {} to {}:'.format(*view_line_range))\n",
    "print('\\n'.join(text.split('\\n')[view_line_range[0]:view_line_range[1]]))"
   ]
  },
  {
   "cell_type": "markdown",
   "metadata": {},
   "source": [
    "---\n",
    "## Implement Pre-processing Functions\n",
    "The first thing to do to any dataset is pre-processing.  Implement the following pre-processing functions below:\n",
    "- Lookup Table\n",
    "- Tokenize Punctuation\n",
    "\n",
    "### Lookup Table\n",
    "To create a word embedding, you first need to transform the words to ids.  In this function, create two dictionaries:\n",
    "- Dictionary to go from the words to an id, we'll call `vocab_to_int`\n",
    "- Dictionary to go from the id to word, we'll call `int_to_vocab`\n",
    "\n",
    "Return these dictionaries in the following **tuple** `(vocab_to_int, int_to_vocab)`"
   ]
  },
  {
   "cell_type": "code",
   "execution_count": 3,
   "metadata": {},
   "outputs": [
    {
     "name": "stdout",
     "output_type": "stream",
     "text": [
      "Tests Passed\n"
     ]
    }
   ],
   "source": [
    "import problem_unittests as tests\n",
    "\n",
    "def create_lookup_tables(text):\n",
    "    \"\"\"\n",
    "    Create lookup tables for vocabulary\n",
    "    :param text: The text of tv scripts split into words\n",
    "    :return: A tuple of dicts (vocab_to_int, int_to_vocab)\n",
    "    \"\"\"\n",
    "    # TODO: Implement Function\n",
    "    words = tuple(set(text))\n",
    "    int_to_vocab = dict(enumerate(words))\n",
    "    vocab_to_int = {word: ii for ii, word in int_to_vocab.items()}\n",
    "    # return tuple\n",
    "    return (vocab_to_int, int_to_vocab)\n",
    "\n",
    "\n",
    "\"\"\"\n",
    "DON'T MODIFY ANYTHING IN THIS CELL THAT IS BELOW THIS LINE\n",
    "\"\"\"\n",
    "tests.test_create_lookup_tables(create_lookup_tables)"
   ]
  },
  {
   "cell_type": "code",
   "execution_count": 4,
   "metadata": {},
   "outputs": [],
   "source": [
    "test_text_test = '''\n",
    "        Moe_Szyslak Moe's Tavern Where the elite meet to drink\n",
    "        Bart_Simpson Eh yeah hello is Mike there Last name Rotch\n",
    "        Moe_Szyslak Hold on I'll check Mike Rotch Mike Rotch Hey has anybody seen Mike Rotch lately\n",
    "        Moe_Szyslak Listen you little puke One of these days I'm gonna catch you and I'm gonna carve my name on your back with an ice pick\n",
    "        Moe_Szyslak Whats the matter Homer You're not your normal effervescent self\n",
    "        Homer_Simpson I got my problems Moe Give me another one\n",
    "        Moe_Szyslak Homer hey you should not drink to forget your problems\n",
    "        Barney_Gumble Yeah you should only drink to enhance your social skills'''"
   ]
  },
  {
   "cell_type": "markdown",
   "metadata": {},
   "source": [
    "### Tokenize Punctuation\n",
    "We'll be splitting the script into a word array using spaces as delimiters.  However, punctuations like periods and exclamation marks can create multiple ids for the same word. For example, \"bye\" and \"bye!\" would generate two different word ids.\n",
    "\n",
    "Implement the function `token_lookup` to return a dict that will be used to tokenize symbols like \"!\" into \"||Exclamation_Mark||\".  Create a dictionary for the following symbols where the symbol is the key and value is the token:\n",
    "- Period ( **.** )\n",
    "- Comma ( **,** )\n",
    "- Quotation Mark ( **\"** )\n",
    "- Semicolon ( **;** )\n",
    "- Exclamation mark ( **!** )\n",
    "- Question mark ( **?** )\n",
    "- Left Parentheses ( **(** )\n",
    "- Right Parentheses ( **)** )\n",
    "- Dash ( **-** )\n",
    "- Return ( **\\n** )\n",
    "\n",
    "This dictionary will be used to tokenize the symbols and add the delimiter (space) around it.  This separates each symbols as its own word, making it easier for the neural network to predict the next word. Make sure you don't use a value that could be confused as a word; for example, instead of using the value \"dash\", try using something like \"||dash||\"."
   ]
  },
  {
   "cell_type": "code",
   "execution_count": 5,
   "metadata": {},
   "outputs": [
    {
     "name": "stdout",
     "output_type": "stream",
     "text": [
      "Tests Passed\n"
     ]
    }
   ],
   "source": [
    "def token_lookup():\n",
    "    \"\"\"\n",
    "    Generate a dict to turn punctuation into a token.\n",
    "    :return: Tokenized dictionary where the key is the punctuation and the value is the token\n",
    "    \"\"\"\n",
    "    # TODO: Implement Function\n",
    "    tokens_dict = {'.': '||Period||',\n",
    "                   ',': '||Comma||',\n",
    "                   '\"': '||Quotation_Mark||',\n",
    "                   ';': '||Semicolon||',\n",
    "                   '!': '||Exclamation_Mark||',\n",
    "                   '?': '||Question_Mark||',\n",
    "                   '(': '||Left_Parentheses||',\n",
    "                   ')': '||Right_Parentheses||',\n",
    "                   '-': '||Dash||',\n",
    "                   '\\n': '||Return||'}\n",
    "    return tokens_dict\n",
    "\n",
    "\"\"\"\n",
    "DON'T MODIFY ANYTHING IN THIS CELL THAT IS BELOW THIS LINE\n",
    "\"\"\"\n",
    "tests.test_tokenize(token_lookup)"
   ]
  },
  {
   "cell_type": "markdown",
   "metadata": {},
   "source": [
    "## Pre-process all the data and save it\n",
    "\n",
    "Running the code cell below will pre-process all the data and save it to file. You're encouraged to lok at the code for `preprocess_and_save_data` in the `helpers.py` file to see what it's doing in detail, but you do not need to change this code."
   ]
  },
  {
   "cell_type": "code",
   "execution_count": 113,
   "metadata": {},
   "outputs": [],
   "source": [
    "\"\"\"\n",
    "DON'T MODIFY ANYTHING IN THIS CELL\n",
    "\"\"\"\n",
    "# pre-process training data\n",
    "helper.preprocess_and_save_data(data_dir, token_lookup, create_lookup_tables)"
   ]
  },
  {
   "cell_type": "markdown",
   "metadata": {},
   "source": [
    "# Check Point\n",
    "This is your first checkpoint. If you ever decide to come back to this notebook or have to restart the notebook, you can start from here. The preprocessed data has been saved to disk."
   ]
  },
  {
   "cell_type": "code",
   "execution_count": 114,
   "metadata": {},
   "outputs": [],
   "source": [
    "\"\"\"\n",
    "DON'T MODIFY ANYTHING IN THIS CELL\n",
    "\"\"\"\n",
    "import helper\n",
    "import problem_unittests as tests\n",
    "\n",
    "int_text, vocab_to_int, int_to_vocab, token_dict = helper.load_preprocess()"
   ]
  },
  {
   "cell_type": "markdown",
   "metadata": {},
   "source": [
    "## Build the Neural Network\n",
    "In this section, you'll build the components necessary to build an RNN by implementing the RNN Module and forward and backpropagation functions.\n",
    "\n",
    "### Check Access to GPU"
   ]
  },
  {
   "cell_type": "code",
   "execution_count": 8,
   "metadata": {},
   "outputs": [],
   "source": [
    "\"\"\"\n",
    "DON'T MODIFY ANYTHING IN THIS CELL\n",
    "\"\"\"\n",
    "import torch\n",
    "\n",
    "# Check for a GPU\n",
    "train_on_gpu = torch.cuda.is_available()\n",
    "if not train_on_gpu:\n",
    "    print('No GPU found. Please use a GPU to train your neural network.')"
   ]
  },
  {
   "cell_type": "markdown",
   "metadata": {},
   "source": [
    "## Input\n",
    "Let's start with the preprocessed input data. We'll use [TensorDataset](http://pytorch.org/docs/master/data.html#torch.utils.data.TensorDataset) to provide a known format to our dataset; in combination with [DataLoader](http://pytorch.org/docs/master/data.html#torch.utils.data.DataLoader), it will handle batching, shuffling, and other dataset iteration functions.\n",
    "\n",
    "You can create data with TensorDataset by passing in feature and target tensors. Then create a DataLoader as usual.\n",
    "```\n",
    "data = TensorDataset(feature_tensors, target_tensors)\n",
    "data_loader = torch.utils.data.DataLoader(data, \n",
    "                                          batch_size=batch_size)\n",
    "```\n",
    "\n",
    "### Batching\n",
    "Implement the `batch_data` function to batch `words` data into chunks of size `batch_size` using the `TensorDataset` and `DataLoader` classes.\n",
    "\n",
    ">You can batch words using the DataLoader, but it will be up to you to create `feature_tensors` and `target_tensors` of the correct size and content for a given `sequence_length`.\n",
    "\n",
    "For example, say we have these as input:\n",
    "```\n",
    "words = [1, 2, 3, 4, 5, 6, 7]\n",
    "sequence_length = 4\n",
    "```\n",
    "\n",
    "Your first `feature_tensor` should contain the values:\n",
    "```\n",
    "[1, 2, 3, 4]\n",
    "```\n",
    "And the corresponding `target_tensor` should just be the next \"word\"/tokenized word value:\n",
    "```\n",
    "5\n",
    "```\n",
    "This should continue with the second `feature_tensor`, `target_tensor` being:\n",
    "```\n",
    "[2, 3, 4, 5]  # features\n",
    "6             # target\n",
    "```"
   ]
  },
  {
   "cell_type": "code",
   "execution_count": 175,
   "metadata": {},
   "outputs": [],
   "source": [
    "from torch.utils.data import TensorDataset, DataLoader\n",
    "\n",
    "\n",
    "def batch_data(words, sequence_length, batch_size):\n",
    "    \"\"\"\n",
    "    Batch the neural network data using DataLoader\n",
    "    :param words: The word ids of the TV scripts\n",
    "    :param sequence_length: The sequence length of each batch\n",
    "    :param batch_size: The size of each batch; the number of sequences in a batch\n",
    "    :return: DataLoader with batched data\n",
    "    \"\"\"\n",
    "    feature_tensors = []\n",
    "    target_tensors = []\n",
    "    \n",
    "    for n in range(0, len(words), sequence_length):\n",
    "        x = words[n:n+sequence_length]\n",
    "        try:\n",
    "            y = words[n+sequence_length]\n",
    "        except IndexError:\n",
    "            y = words[-1]\n",
    "        feature_tensors.append(x)\n",
    "        target_tensors.append(y)\n",
    "        \n",
    "\n",
    "    data = TensorDataset(torch.tensor(feature_tensors, dtype=torch.long),\n",
    "                         torch.tensor(target_tensors, dtype=torch.long))\n",
    "#     # return a dataloader\n",
    "    data_loader = torch.utils.data.DataLoader(data, \n",
    "                                          batch_size=batch_size, drop_last=True)\n",
    "    return data_loader\n",
    "\n",
    "# there is no test for this function, but you are encouraged to create\n",
    "# print statements and tests of your own\n"
   ]
  },
  {
   "cell_type": "markdown",
   "metadata": {},
   "source": [
    "### Test your dataloader \n",
    "\n",
    "You'll have to modify this code to test a batching function, but it should look fairly similar.\n",
    "\n",
    "Below, we're generating some test text data and defining a dataloader using the function you defined, above. Then, we are getting some sample batch of inputs `sample_x` and targets `sample_y` from our dataloader.\n",
    "\n",
    "Your code should return something like the following (likely in a different order, if you shuffled your data):\n",
    "\n",
    "```\n",
    "torch.Size([10, 5])\n",
    "tensor([[ 28,  29,  30,  31,  32],\n",
    "        [ 21,  22,  23,  24,  25],\n",
    "        [ 17,  18,  19,  20,  21],\n",
    "        [ 34,  35,  36,  37,  38],\n",
    "        [ 11,  12,  13,  14,  15],\n",
    "        [ 23,  24,  25,  26,  27],\n",
    "        [  6,   7,   8,   9,  10],\n",
    "        [ 38,  39,  40,  41,  42],\n",
    "        [ 25,  26,  27,  28,  29],\n",
    "        [  7,   8,   9,  10,  11]])\n",
    "\n",
    "torch.Size([10])\n",
    "tensor([ 33,  26,  22,  39,  16,  28,  11,  43,  30,  12])\n",
    "```\n",
    "\n",
    "### Sizes\n",
    "Your sample_x should be of size `(batch_size, sequence_length)` or (10, 5) in this case and sample_y should just have one dimension: batch_size (10). \n",
    "\n",
    "### Values\n",
    "\n",
    "You should also notice that the targets, sample_y, are the *next* value in the ordered test_text data. So, for an input sequence `[ 28,  29,  30,  31,  32]` that ends with the value `32`, the corresponding output should be `33`."
   ]
  },
  {
   "cell_type": "code",
   "execution_count": 176,
   "metadata": {},
   "outputs": [
    {
     "name": "stdout",
     "output_type": "stream",
     "text": [
      "torch.Size([10, 5])\n",
      "tensor([[  0,   1,   2,   3,   4],\n",
      "        [  5,   6,   7,   8,   9],\n",
      "        [ 10,  11,  12,  13,  14],\n",
      "        [ 15,  16,  17,  18,  19],\n",
      "        [ 20,  21,  22,  23,  24],\n",
      "        [ 25,  26,  27,  28,  29],\n",
      "        [ 30,  31,  32,  33,  34],\n",
      "        [ 35,  36,  37,  38,  39],\n",
      "        [ 40,  41,  42,  43,  44],\n",
      "        [ 45,  46,  47,  48,  49]])\n",
      "\n",
      "torch.Size([10])\n",
      "tensor([  5,  10,  15,  20,  25,  30,  35,  40,  45,  49])\n"
     ]
    }
   ],
   "source": [
    "# test dataloader\n",
    "\n",
    "test_text = range(50)\n",
    "t_loader = batch_data(test_text, sequence_length=5, batch_size=10)\n",
    "\n",
    "data_iter = iter(t_loader)\n",
    "sample_x, sample_y = data_iter.next()\n",
    "\n",
    "print(sample_x.shape)\n",
    "print(sample_x)\n",
    "print()\n",
    "print(sample_y.shape)\n",
    "print(sample_y)"
   ]
  },
  {
   "cell_type": "markdown",
   "metadata": {},
   "source": [
    "---\n",
    "## Build the Neural Network\n",
    "Implement an RNN using PyTorch's [Module class](http://pytorch.org/docs/master/nn.html#torch.nn.Module). You may choose to use a GRU or an LSTM. To complete the RNN, you'll have to implement the following functions for the class:\n",
    " - `__init__` - The initialize function. \n",
    " - `init_hidden` - The initialization function for an LSTM/GRU hidden state\n",
    " - `forward` - Forward propagation function.\n",
    " \n",
    "The initialize function should create the layers of the neural network and save them to the class. The forward propagation function will use these layers to run forward propagation and generate an output and a hidden state.\n",
    "\n",
    "**The output of this model should be the *last* batch of word scores** after a complete sequence has been processed. That is, for each input sequence of words, we only want to output the word scores for a single, most likely, next word.\n",
    "\n",
    "### Hints\n",
    "\n",
    "1. Make sure to stack the outputs of the lstm to pass to your fully-connected layer, you can do this with `lstm_output = lstm_output.contiguous().view(-1, self.hidden_dim)`\n",
    "2. You can get the last batch of word scores by shaping the output of the final, fully-connected layer like so:\n",
    "\n",
    "```\n",
    "# reshape into (batch_size, seq_length, output_size)\n",
    "output = output.view(batch_size, -1, self.output_size)\n",
    "# get last batch\n",
    "out = output[:, -1]\n",
    "```"
   ]
  },
  {
   "cell_type": "code",
   "execution_count": 177,
   "metadata": {},
   "outputs": [
    {
     "name": "stdout",
     "output_type": "stream",
     "text": [
      "Tests Passed\n"
     ]
    }
   ],
   "source": [
    "import torch.nn as nn\n",
    "\n",
    "class RNN(nn.Module):\n",
    "    \n",
    "    def __init__(self, vocab_size, output_size, embedding_dim, hidden_dim, n_layers, dropout=0.5):\n",
    "        \"\"\"\n",
    "        Initialize the PyTorch RNN Module\n",
    "        :param vocab_size: The number of input dimensions of the neural network (the size of the vocabulary)\n",
    "        :param output_size: The number of output dimensions of the neural network\n",
    "        :param embedding_dim: The size of embeddings, should you choose to use them        \n",
    "        :param hidden_dim: The size of the hidden layer outputs\n",
    "        :param dropout: dropout to add in between LSTM/GRU layers\n",
    "        \"\"\"\n",
    "        # TODO: Implement function\n",
    "        \n",
    "        # set class variables\n",
    "        super(RNN, self).__init__()\n",
    "\n",
    "        self.output_size = output_size\n",
    "        self.n_layers = n_layers\n",
    "        self.hidden_dim = hidden_dim\n",
    "\n",
    "        # embedding and LSTM layers\n",
    "        self.embedding = nn.Embedding(vocab_size, embedding_dim)\n",
    "        self.lstm = nn.LSTM(embedding_dim, hidden_dim, n_layers, \n",
    "                            dropout=dropout, batch_first=True)\n",
    "\n",
    "        # dropout layer\n",
    "        self.dropout = nn.Dropout(dropout)\n",
    "\n",
    "        # linear and sigmoid layers\n",
    "        self.fc = nn.Linear(hidden_dim, output_size)\n",
    "        self.sig = nn.Sigmoid()\n",
    "    \n",
    "    \n",
    "    def forward(self, x, hidden):\n",
    "        \"\"\"\n",
    "        Forward propagation of the neural network\n",
    "        :param nn_input: The input to the neural network\n",
    "        :param hidden: The hidden state        \n",
    "        :return: Two Tensors, the output of the neural network and the latest hidden state\n",
    "        \"\"\"\n",
    "        batch_size = x.size(0)\n",
    "\n",
    "        # embeddings and lstm_out\n",
    "        x = x.long()\n",
    "        embeds = self.embedding(x)\n",
    "        lstm_out, hidden = self.lstm(embeds, hidden)\n",
    "    \n",
    "        # stack up lstm outputs\n",
    "        lstm_out = lstm_out.contiguous().view(-1, self.hidden_dim)\n",
    "        \n",
    "        # dropout and fully-connected layer\n",
    "        #out = self.dropout(lstm_out)\n",
    "        #out = self.fc(out)\n",
    "        out = self.fc(lstm_out)\n",
    "        # sigmoid function\n",
    "        #sig_out = self.sig(out)\n",
    "        \n",
    "        # reshape into (batch_size, seq_length, output_size)\n",
    "        output = out.view(batch_size, -1, self.output_size)\n",
    "        # get last batch\n",
    "        out = output[:, -1]\n",
    "                     \n",
    "        \n",
    "        # return last sigmoid output and hidden state\n",
    "        return out, hidden\n",
    "    \n",
    "    \n",
    "    def init_hidden(self, batch_size):\n",
    "        '''\n",
    "        Initialize the hidden state of an LSTM/GRU\n",
    "        :param batch_size: The batch_size of the hidden state\n",
    "        :return: hidden state of dims (n_layers, batch_size, hidden_dim)\n",
    "        '''\n",
    "        # Implement function\n",
    "        \n",
    "        # initialize hidden state with zero weights, and move to GPU if available\n",
    "        \n",
    "        weight = next(self.parameters()).data\n",
    "\n",
    "        if (train_on_gpu):\n",
    "            hidden = (weight.new(self.n_layers, batch_size, self.hidden_dim).zero_().cuda(),\n",
    "                  weight.new(self.n_layers, batch_size, self.hidden_dim).zero_().cuda())\n",
    "        else:\n",
    "            hidden = (weight.new(self.n_layers, batch_size, self.hidden_dim).zero_(),\n",
    "                      weight.new(self.n_layers, batch_size, self.hidden_dim).zero_())\n",
    "\n",
    "        return hidden\n",
    "\"\"\"\n",
    "DON'T MODIFY ANYTHING IN THIS CELL THAT IS BELOW THIS LINE\n",
    "\"\"\"\n",
    "tests.test_rnn(RNN, train_on_gpu)"
   ]
  },
  {
   "cell_type": "markdown",
   "metadata": {},
   "source": [
    "### Define forward and backpropagation\n",
    "\n",
    "Use the RNN class you implemented to apply forward and back propagation. This function will be called, iteratively, in the training loop as follows:\n",
    "```\n",
    "loss = forward_back_prop(decoder, decoder_optimizer, criterion, inp, target)\n",
    "```\n",
    "\n",
    "And it should return the average loss over a batch and the hidden state returned by a call to `RNN(inp, hidden)`. Recall that you can get this loss by computing it, as usual, and calling `loss.item()`.\n",
    "\n",
    "**If a GPU is available, you should move your data to that GPU device, here.**"
   ]
  },
  {
   "cell_type": "code",
   "execution_count": 190,
   "metadata": {},
   "outputs": [
    {
     "name": "stdout",
     "output_type": "stream",
     "text": [
      "Tests Passed\n"
     ]
    }
   ],
   "source": [
    "def forward_back_prop(rnn, optimizer, criterion, inp, target, hidden):\n",
    "    \"\"\"\n",
    "    Forward and backward propagation on the neural network\n",
    "    :param decoder: The PyTorch Module that holds the neural network\n",
    "    :param decoder_optimizer: The PyTorch optimizer for the neural network\n",
    "    :param criterion: The PyTorch loss function\n",
    "    :param inp: A batch of input to the neural network\n",
    "    :param target: The target output for the batch of input\n",
    "    :return: The loss and the latest hidden state Tensor\n",
    "    \"\"\"\n",
    "    \n",
    "    # TODO: Implement Function\n",
    "    \n",
    "    # move data to GPU, if available\n",
    "    if(train_on_gpu):\n",
    "        inp, target = inp.cuda(), target.cuda()\n",
    "    # perform backpropagation and optimization\n",
    "    \n",
    "    h = tuple([each.data for each in hidden])\n",
    "    \n",
    "    rnn.zero_grad()\n",
    "    output, h = rnn(inp, h)\n",
    "     # calculate the loss and perform backprop\n",
    "    loss = criterion(output.squeeze(), target.long())\n",
    "    loss.backward()\n",
    "    #nn.utils.clip_grad_norm_(rnn.parameters(), 5)\n",
    "    # `clip_grad_norm` helps prevent the exploding gradient problem in RNNs / LSTMs.\n",
    "    #nn.utils.clip_grad_norm_(rnn.parameters(), clip)\n",
    "    optimizer.step()\n",
    "    # return the loss over a batch and the hidden state produced by our model\n",
    "    return float(loss), h\n",
    "\n",
    "# Note that these tests aren't completely extensive.\n",
    "# they are here to act as general checks on the expected outputs of your functions\n",
    "\"\"\"\n",
    "DON'T MODIFY ANYTHING IN THIS CELL THAT IS BELOW THIS LINE\n",
    "\"\"\"\n",
    "tests.test_forward_back_prop(RNN, forward_back_prop, train_on_gpu)"
   ]
  },
  {
   "cell_type": "markdown",
   "metadata": {},
   "source": [
    "## Neural Network Training\n",
    "\n",
    "With the structure of the network complete and data ready to be fed in the neural network, it's time to train it.\n",
    "\n",
    "### Train Loop\n",
    "\n",
    "The training loop is implemented for you in the `train_decoder` function. This function will train the network over all the batches for the number of epochs given. The model progress will be shown every number of batches. This number is set with the `show_every_n_batches` parameter. You'll set this parameter along with other parameters in the next section."
   ]
  },
  {
   "cell_type": "code",
   "execution_count": 191,
   "metadata": {},
   "outputs": [],
   "source": [
    "\"\"\"\n",
    "DON'T MODIFY ANYTHING IN THIS CELL\n",
    "\"\"\"\n",
    "\n",
    "def train_rnn(rnn, batch_size, optimizer, criterion, n_epochs, show_every_n_batches=100):\n",
    "    batch_losses = []\n",
    "    \n",
    "    rnn.train()\n",
    "\n",
    "    print(\"Training for %d epoch(s)...\" % n_epochs)\n",
    "    for epoch_i in range(1, n_epochs + 1):\n",
    "        \n",
    "        # initialize hidden state\n",
    "        hidden = rnn.init_hidden(batch_size)\n",
    "        \n",
    "        for batch_i, (inputs, labels) in enumerate(train_loader, 1):\n",
    "            \n",
    "            # make sure you iterate over completely full batches, only\n",
    "            n_batches = len(train_loader.dataset)//batch_size\n",
    "            if(batch_i > n_batches):\n",
    "                break\n",
    "            \n",
    "            # forward, back prop\n",
    "            loss, hidden = forward_back_prop(rnn, optimizer, criterion, inputs, labels, hidden)          \n",
    "            # record loss\n",
    "            batch_losses.append(loss)\n",
    "\n",
    "            # printing loss stats\n",
    "            if batch_i % show_every_n_batches == 0:\n",
    "                print('Epoch: {:>4}/{:<4}  Loss: {}\\n'.format(\n",
    "                    epoch_i, n_epochs, np.average(batch_losses)))\n",
    "                batch_losses = []\n",
    "\n",
    "    # returns a trained rnn\n",
    "    return rnn"
   ]
  },
  {
   "cell_type": "markdown",
   "metadata": {},
   "source": [
    "### Hyperparameters\n",
    "\n",
    "Set and train the neural network with the following parameters:\n",
    "- Set `sequence_length` to the length of a sequence.\n",
    "- Set `batch_size` to the batch size.\n",
    "- Set `num_epochs` to the number of epochs to train for.\n",
    "- Set `learning_rate` to the learning rate for an Adam optimizer.\n",
    "- Set `vocab_size` to the number of uniqe tokens in our vocabulary.\n",
    "- Set `output_size` to the desired size of the output.\n",
    "- Set `embedding_dim` to the embedding dimension; smaller than the vocab_size.\n",
    "- Set `hidden_dim` to the hidden dimension of your RNN.\n",
    "- Set `n_layers` to the number of layers/cells in your RNN.\n",
    "- Set `show_every_n_batches` to the number of batches at which the neural network should print progress.\n",
    "\n",
    "If the network isn't getting the desired results, tweak these parameters and/or the layers in the `RNN` class."
   ]
  },
  {
   "cell_type": "code",
   "execution_count": 192,
   "metadata": {},
   "outputs": [],
   "source": [
    "# Data params\n",
    "# Sequence Length\n",
    "sequence_length = 15  # of words in a sequence\n",
    "# Batch Size\n",
    "batch_size = 4\n",
    "\n",
    "# data loader - do not change\n",
    "train_loader = batch_data(int_text, sequence_length, batch_size)"
   ]
  },
  {
   "cell_type": "code",
   "execution_count": 193,
   "metadata": {},
   "outputs": [],
   "source": [
    "# Training parameters\n",
    "# Number of Epochs\n",
    "num_epochs = 10\n",
    "# Learning Rate\n",
    "learning_rate = 0.001\n",
    "\n",
    "# Model parameters\n",
    "# Vocab size\n",
    "vocab_size = len(int_to_vocab)\n",
    "# Output size\n",
    "output_size = vocab_size\n",
    "# Embedding Dimension\n",
    "embedding_dim = 400\n",
    "# Hidden Dimension\n",
    "hidden_dim = 256\n",
    "# Number of RNN Layers\n",
    "n_layers = 3\n",
    "\n",
    "# Show stats for every n number of batches\n",
    "show_every_n_batches = 500"
   ]
  },
  {
   "cell_type": "markdown",
   "metadata": {},
   "source": [
    "### Train\n",
    "In the next cell, you'll train the neural network on the pre-processed data.  If you have a hard time getting a good loss, you may consider changing your hyperparameters. In general, you may get better results with larger hidden and n_layer dimensions, but larger models take a longer time to train. \n",
    "> **You should aim for a loss less than 3.5.** \n",
    "\n",
    "You should also experiment with different sequence lengths, which determine the size of the long range dependencies that a model can learn."
   ]
  },
  {
   "cell_type": "code",
   "execution_count": 194,
   "metadata": {},
   "outputs": [
    {
     "name": "stdout",
     "output_type": "stream",
     "text": [
      "Training for 10 epoch(s)...\n",
      "Epoch:    1/10    Loss: 6.414486681461335\n",
      "\n",
      "Epoch:    1/10    Loss: 5.843358057975769\n",
      "\n",
      "Epoch:    1/10    Loss: 5.611141164779663\n",
      "\n",
      "Epoch:    1/10    Loss: 5.488086767554283\n",
      "\n",
      "Epoch:    1/10    Loss: 5.4475700668096545\n",
      "\n",
      "Epoch:    1/10    Loss: 5.1589839426279065\n",
      "\n",
      "Epoch:    1/10    Loss: 5.063415130019188\n",
      "\n",
      "Epoch:    1/10    Loss: 5.1364331636428835\n",
      "\n",
      "Epoch:    1/10    Loss: 5.256709390282631\n",
      "\n",
      "Epoch:    1/10    Loss: 5.220972653150558\n",
      "\n",
      "Epoch:    1/10    Loss: 5.2225882840156554\n",
      "\n",
      "Epoch:    1/10    Loss: 5.284303363084793\n",
      "\n",
      "Epoch:    1/10    Loss: 5.331715083837509\n",
      "\n",
      "Epoch:    1/10    Loss: 5.346918969869614\n",
      "\n",
      "Epoch:    1/10    Loss: 5.187200890541076\n",
      "\n",
      "Epoch:    1/10    Loss: 5.22735862159729\n",
      "\n",
      "Epoch:    1/10    Loss: 5.010153208732605\n",
      "\n",
      "Epoch:    1/10    Loss: 4.8309134393930435\n",
      "\n",
      "Epoch:    1/10    Loss: 5.060103664636612\n",
      "\n",
      "Epoch:    1/10    Loss: 5.043245438694954\n",
      "\n",
      "Epoch:    1/10    Loss: 5.086757330417633\n",
      "\n",
      "Epoch:    1/10    Loss: 4.990771621823311\n",
      "\n",
      "Epoch:    1/10    Loss: 5.039940268278122\n",
      "\n",
      "Epoch:    1/10    Loss: 5.1284536632299424\n",
      "\n",
      "Epoch:    1/10    Loss: 5.103867855072021\n",
      "\n",
      "Epoch:    1/10    Loss: 5.074704490900039\n",
      "\n",
      "Epoch:    1/10    Loss: 5.238141293048859\n",
      "\n",
      "Epoch:    1/10    Loss: 5.119871296644211\n",
      "\n",
      "Epoch:    1/10    Loss: 5.0523615102767945\n",
      "\n",
      "Epoch:    2/10    Loss: 4.8065515715405684\n",
      "\n",
      "Epoch:    2/10    Loss: 4.614649783611298\n",
      "\n",
      "Epoch:    2/10    Loss: 4.514536378741265\n",
      "\n",
      "Epoch:    2/10    Loss: 4.493311791658401\n",
      "\n",
      "Epoch:    2/10    Loss: 4.618809485554695\n",
      "\n",
      "Epoch:    2/10    Loss: 4.40322475451231\n",
      "\n",
      "Epoch:    2/10    Loss: 4.29121180331707\n",
      "\n",
      "Epoch:    2/10    Loss: 4.3165481400489805\n",
      "\n",
      "Epoch:    2/10    Loss: 4.487357023954392\n",
      "\n",
      "Epoch:    2/10    Loss: 4.392687048912048\n",
      "\n",
      "Epoch:    2/10    Loss: 4.4434404335021975\n",
      "\n",
      "Epoch:    2/10    Loss: 4.5599182744026185\n",
      "\n",
      "Epoch:    2/10    Loss: 4.6887245390415195\n",
      "\n",
      "Epoch:    2/10    Loss: 4.65537212395668\n",
      "\n",
      "Epoch:    2/10    Loss: 4.3840882024765016\n",
      "\n",
      "Epoch:    2/10    Loss: 4.468421090483665\n",
      "\n",
      "Epoch:    2/10    Loss: 4.388335845351219\n",
      "\n",
      "Epoch:    2/10    Loss: 4.177523690462112\n",
      "\n",
      "Epoch:    2/10    Loss: 4.352551766395569\n",
      "\n",
      "Epoch:    2/10    Loss: 4.414573808670044\n",
      "\n",
      "Epoch:    2/10    Loss: 4.34365248799324\n",
      "\n",
      "Epoch:    2/10    Loss: 4.399243814706803\n",
      "\n",
      "Epoch:    2/10    Loss: 4.372250542640686\n",
      "\n",
      "Epoch:    2/10    Loss: 4.453838771939278\n",
      "\n",
      "Epoch:    2/10    Loss: 4.490902615070343\n",
      "\n",
      "Epoch:    2/10    Loss: 4.339871185541153\n",
      "\n",
      "Epoch:    2/10    Loss: 4.484157280921936\n",
      "\n",
      "Epoch:    2/10    Loss: 4.502512757778168\n",
      "\n",
      "Epoch:    2/10    Loss: 4.479368045926094\n",
      "\n",
      "Epoch:    3/10    Loss: 4.280827936317239\n",
      "\n",
      "Epoch:    3/10    Loss: 4.214046457111835\n",
      "\n",
      "Epoch:    3/10    Loss: 4.14274190056324\n",
      "\n",
      "Epoch:    3/10    Loss: 4.169119155585766\n",
      "\n",
      "Epoch:    3/10    Loss: 4.308139366269112\n",
      "\n",
      "Epoch:    3/10    Loss: 4.025760204315185\n",
      "\n",
      "Epoch:    3/10    Loss: 3.990153294324875\n",
      "\n",
      "Epoch:    3/10    Loss: 3.9991098698377607\n",
      "\n",
      "Epoch:    3/10    Loss: 4.140763957560062\n",
      "\n",
      "Epoch:    3/10    Loss: 4.025044984161854\n",
      "\n",
      "Epoch:    3/10    Loss: 4.07212314748764\n",
      "\n",
      "Epoch:    3/10    Loss: 4.247312539815903\n",
      "\n",
      "Epoch:    3/10    Loss: 4.376405414819717\n",
      "\n",
      "Epoch:    3/10    Loss: 4.257061743140221\n",
      "\n",
      "Epoch:    3/10    Loss: 4.128687928795815\n",
      "\n",
      "Epoch:    3/10    Loss: 4.080410437166691\n",
      "\n",
      "Epoch:    3/10    Loss: 4.120507472127676\n",
      "\n",
      "Epoch:    3/10    Loss: 3.867249658763409\n",
      "\n",
      "Epoch:    3/10    Loss: 4.03616233241558\n",
      "\n",
      "Epoch:    3/10    Loss: 4.065650793075561\n",
      "\n",
      "Epoch:    3/10    Loss: 3.9911166492700576\n",
      "\n",
      "Epoch:    3/10    Loss: 4.09885541844368\n",
      "\n",
      "Epoch:    3/10    Loss: 4.085937861979008\n",
      "\n",
      "Epoch:    3/10    Loss: 4.174916710495949\n",
      "\n",
      "Epoch:    3/10    Loss: 4.048792150378227\n",
      "\n",
      "Epoch:    3/10    Loss: 4.004797153115272\n",
      "\n",
      "Epoch:    3/10    Loss: 4.196879137158394\n",
      "\n",
      "Epoch:    3/10    Loss: 4.1125938007831575\n",
      "\n",
      "Epoch:    3/10    Loss: 4.227866825342178\n",
      "\n",
      "Epoch:    4/10    Loss: 3.972589815541896\n",
      "\n",
      "Epoch:    4/10    Loss: 3.9084234762191774\n",
      "\n",
      "Epoch:    4/10    Loss: 3.9270657403469085\n",
      "\n",
      "Epoch:    4/10    Loss: 3.9476226532459258\n",
      "\n",
      "Epoch:    4/10    Loss: 4.008228981256485\n",
      "\n",
      "Epoch:    4/10    Loss: 3.7550448943078516\n",
      "\n",
      "Epoch:    4/10    Loss: 3.7631408160924913\n",
      "\n",
      "Epoch:    4/10    Loss: 3.778213436126709\n",
      "\n",
      "Epoch:    4/10    Loss: 3.877691074848175\n",
      "\n",
      "Epoch:    4/10    Loss: 3.7085931286215783\n",
      "\n",
      "Epoch:    4/10    Loss: 3.8278543247580528\n",
      "\n",
      "Epoch:    4/10    Loss: 3.959935574531555\n",
      "\n",
      "Epoch:    4/10    Loss: 4.061334118962288\n",
      "\n",
      "Epoch:    4/10    Loss: 3.9536510928273203\n",
      "\n",
      "Epoch:    4/10    Loss: 3.8194383909702303\n",
      "\n",
      "Epoch:    4/10    Loss: 3.818037838459015\n",
      "\n",
      "Epoch:    4/10    Loss: 3.822009252399206\n",
      "\n",
      "Epoch:    4/10    Loss: 3.6371346983909607\n",
      "\n",
      "Epoch:    4/10    Loss: 3.756204943180084\n",
      "\n",
      "Epoch:    4/10    Loss: 3.7576380671560763\n",
      "\n",
      "Epoch:    4/10    Loss: 3.708454075694084\n",
      "\n",
      "Epoch:    4/10    Loss: 3.8094779782295225\n",
      "\n",
      "Epoch:    4/10    Loss: 3.8243680974245073\n",
      "\n",
      "Epoch:    4/10    Loss: 3.8768917291164398\n",
      "\n",
      "Epoch:    4/10    Loss: 3.7318475332260133\n",
      "\n",
      "Epoch:    4/10    Loss: 3.7106858890652656\n",
      "\n",
      "Epoch:    4/10    Loss: 3.843579330444336\n",
      "\n",
      "Epoch:    4/10    Loss: 3.778408124089241\n",
      "\n",
      "Epoch:    4/10    Loss: 3.8717633900642396\n",
      "\n",
      "Epoch:    5/10    Loss: 3.6939270090363268\n",
      "\n",
      "Epoch:    5/10    Loss: 3.673321118682623\n",
      "\n",
      "Epoch:    5/10    Loss: 3.7541048320531845\n",
      "\n",
      "Epoch:    5/10    Loss: 3.6877461454868317\n",
      "\n",
      "Epoch:    5/10    Loss: 3.67384016045928\n",
      "\n",
      "Epoch:    5/10    Loss: 3.5024341284781695\n",
      "\n",
      "Epoch:    5/10    Loss: 3.519755373597145\n",
      "\n",
      "Epoch:    5/10    Loss: 3.527776593863964\n",
      "\n",
      "Epoch:    5/10    Loss: 3.5859581522345545\n",
      "\n",
      "Epoch:    5/10    Loss: 3.456896332204342\n",
      "\n",
      "Epoch:    5/10    Loss: 3.5533009181022646\n",
      "\n",
      "Epoch:    5/10    Loss: 3.7570815137624742\n",
      "\n",
      "Epoch:    5/10    Loss: 3.8025334911346436\n",
      "\n",
      "Epoch:    5/10    Loss: 3.648476224422455\n",
      "\n",
      "Epoch:    5/10    Loss: 3.476825140476227\n",
      "\n",
      "Epoch:    5/10    Loss: 3.494535748064518\n",
      "\n",
      "Epoch:    5/10    Loss: 3.5730796436965466\n",
      "\n",
      "Epoch:    5/10    Loss: 3.39178476446867\n",
      "\n",
      "Epoch:    5/10    Loss: 3.531170764327049\n",
      "\n",
      "Epoch:    5/10    Loss: 3.468128243625164\n",
      "\n",
      "Epoch:    5/10    Loss: 3.380680726915598\n",
      "\n",
      "Epoch:    5/10    Loss: 3.534238563835621\n",
      "\n",
      "Epoch:    5/10    Loss: 3.535062775850296\n",
      "\n",
      "Epoch:    5/10    Loss: 3.5789556334018706\n",
      "\n",
      "Epoch:    5/10    Loss: 3.44083430993557\n",
      "\n",
      "Epoch:    5/10    Loss: 3.4390987249612808\n",
      "\n",
      "Epoch:    5/10    Loss: 3.5309783016443252\n",
      "\n",
      "Epoch:    5/10    Loss: 3.476258115649223\n",
      "\n",
      "Epoch:    5/10    Loss: 3.5745971157550813\n",
      "\n",
      "Epoch:    6/10    Loss: 3.4207800209590915\n",
      "\n",
      "Epoch:    6/10    Loss: 3.433712067604065\n",
      "\n",
      "Epoch:    6/10    Loss: 3.5059455955028533\n",
      "\n",
      "Epoch:    6/10    Loss: 3.395403080403805\n",
      "\n",
      "Epoch:    6/10    Loss: 3.437389662325382\n",
      "\n",
      "Epoch:    6/10    Loss: 3.3395774392485618\n",
      "\n",
      "Epoch:    6/10    Loss: 3.271019844651222\n",
      "\n",
      "Epoch:    6/10    Loss: 3.3315861274600027\n",
      "\n",
      "Epoch:    6/10    Loss: 3.364631856262684\n",
      "\n",
      "Epoch:    6/10    Loss: 3.222634315907955\n",
      "\n",
      "Epoch:    6/10    Loss: 3.3106066263914107\n",
      "\n",
      "Epoch:    6/10    Loss: 3.5033733640909195\n",
      "\n",
      "Epoch:    6/10    Loss: 3.5286651968955995\n",
      "\n",
      "Epoch:    6/10    Loss: 3.4304679807424545\n",
      "\n",
      "Epoch:    6/10    Loss: 3.2624824526309966\n",
      "\n",
      "Epoch:    6/10    Loss: 3.2458823215961456\n",
      "\n",
      "Epoch:    6/10    Loss: 3.337711079478264\n",
      "\n",
      "Epoch:    6/10    Loss: 3.1629465624690054\n",
      "\n",
      "Epoch:    6/10    Loss: 3.283923565030098\n",
      "\n",
      "Epoch:    6/10    Loss: 3.22425052011013\n",
      "\n",
      "Epoch:    6/10    Loss: 3.159498461842537\n",
      "\n",
      "Epoch:    6/10    Loss: 3.3602576504945754\n",
      "\n",
      "Epoch:    6/10    Loss: 3.293675424814224\n",
      "\n",
      "Epoch:    6/10    Loss: 3.376189710021019\n",
      "\n",
      "Epoch:    6/10    Loss: 3.1895798188447952\n",
      "\n",
      "Epoch:    6/10    Loss: 3.1982652485370635\n",
      "\n",
      "Epoch:    6/10    Loss: 3.3072258553504943\n",
      "\n",
      "Epoch:    6/10    Loss: 3.17644500207901\n",
      "\n",
      "Epoch:    6/10    Loss: 3.341325037479401\n",
      "\n",
      "Epoch:    7/10    Loss: 3.2172885883239006\n",
      "\n",
      "Epoch:    7/10    Loss: 3.189742541193962\n",
      "\n",
      "Epoch:    7/10    Loss: 3.2549152354002\n",
      "\n",
      "Epoch:    7/10    Loss: 3.143476428747177\n",
      "\n",
      "Epoch:    7/10    Loss: 3.228451658964157\n",
      "\n",
      "Epoch:    7/10    Loss: 3.1491925069093702\n",
      "\n",
      "Epoch:    7/10    Loss: 3.0577640948295595\n",
      "\n",
      "Epoch:    7/10    Loss: 3.2011975075006487\n",
      "\n",
      "Epoch:    7/10    Loss: 3.1537858999967576\n",
      "\n",
      "Epoch:    7/10    Loss: 2.9924886845350267\n",
      "\n",
      "Epoch:    7/10    Loss: 3.109434467315674\n",
      "\n",
      "Epoch:    7/10    Loss: 3.2954662163257598\n",
      "\n",
      "Epoch:    7/10    Loss: 3.2621360746622083\n",
      "\n",
      "Epoch:    7/10    Loss: 3.2130083360671997\n",
      "\n",
      "Epoch:    7/10    Loss: 3.0736332091093064\n",
      "\n",
      "Epoch:    7/10    Loss: 3.0224726283550263\n",
      "\n",
      "Epoch:    7/10    Loss: 3.1191010509729384\n",
      "\n",
      "Epoch:    7/10    Loss: 2.9670460184812546\n",
      "\n",
      "Epoch:    7/10    Loss: 3.0867052392959593\n",
      "\n",
      "Epoch:    7/10    Loss: 2.9979219896793365\n",
      "\n",
      "Epoch:    7/10    Loss: 2.953098351240158\n",
      "\n",
      "Epoch:    7/10    Loss: 3.162801283597946\n",
      "\n",
      "Epoch:    7/10    Loss: 3.082112289905548\n",
      "\n",
      "Epoch:    7/10    Loss: 3.1673630940914155\n",
      "\n",
      "Epoch:    7/10    Loss: 2.9870539412498474\n",
      "\n",
      "Epoch:    7/10    Loss: 3.022408066987991\n",
      "\n",
      "Epoch:    7/10    Loss: 3.0963830225467683\n",
      "\n",
      "Epoch:    7/10    Loss: 3.0389794878959657\n",
      "\n",
      "Epoch:    7/10    Loss: 3.075337525844574\n",
      "\n",
      "Epoch:    8/10    Loss: 2.9899223548476046\n",
      "\n",
      "Epoch:    8/10    Loss: 2.961743850708008\n",
      "\n",
      "Epoch:    8/10    Loss: 3.0503553733825686\n",
      "\n",
      "Epoch:    8/10    Loss: 2.914190362215042\n",
      "\n",
      "Epoch:    8/10    Loss: 3.03175448846817\n",
      "\n",
      "Epoch:    8/10    Loss: 2.9786401619911196\n",
      "\n",
      "Epoch:    8/10    Loss: 2.875790189743042\n",
      "\n",
      "Epoch:    8/10    Loss: 2.9982099173069\n",
      "\n",
      "Epoch:    8/10    Loss: 2.915476512670517\n",
      "\n",
      "Epoch:    8/10    Loss: 2.797280844926834\n",
      "\n",
      "Epoch:    8/10    Loss: 2.9243041396141054\n",
      "\n",
      "Epoch:    8/10    Loss: 3.073225378513336\n",
      "\n",
      "Epoch:    8/10    Loss: 3.033274025440216\n",
      "\n",
      "Epoch:    8/10    Loss: 3.0074369804859162\n",
      "\n",
      "Epoch:    8/10    Loss: 2.877587429523468\n",
      "\n",
      "Epoch:    8/10    Loss: 2.795814869642258\n",
      "\n",
      "Epoch:    8/10    Loss: 2.9234844186306\n",
      "\n",
      "Epoch:    8/10    Loss: 2.7739186611175537\n",
      "\n",
      "Epoch:    8/10    Loss: 2.8873238570690156\n",
      "\n",
      "Epoch:    8/10    Loss: 2.8119543120861055\n",
      "\n",
      "Epoch:    8/10    Loss: 2.7709528570175173\n",
      "\n",
      "Epoch:    8/10    Loss: 2.954742623567581\n",
      "\n",
      "Epoch:    8/10    Loss: 2.876372290611267\n",
      "\n",
      "Epoch:    8/10    Loss: 2.910241286277771\n",
      "\n",
      "Epoch:    8/10    Loss: 2.7675255813598634\n",
      "\n",
      "Epoch:    8/10    Loss: 2.7868186163902284\n",
      "\n",
      "Epoch:    8/10    Loss: 2.861870269536972\n",
      "\n",
      "Epoch:    8/10    Loss: 2.837338295698166\n",
      "\n",
      "Epoch:    8/10    Loss: 2.8761312077045442\n",
      "\n",
      "Epoch:    9/10    Loss: 2.797078284937116\n",
      "\n",
      "Epoch:    9/10    Loss: 2.801509814500809\n",
      "\n",
      "Epoch:    9/10    Loss: 2.8725492684841156\n",
      "\n",
      "Epoch:    9/10    Loss: 2.7236940047740936\n",
      "\n",
      "Epoch:    9/10    Loss: 2.8760782704353334\n",
      "\n",
      "Epoch:    9/10    Loss: 2.806329827785492\n",
      "\n",
      "Epoch:    9/10    Loss: 2.733955588936806\n",
      "\n",
      "Epoch:    9/10    Loss: 2.825543638944626\n",
      "\n",
      "Epoch:    9/10    Loss: 2.7644738221168517\n",
      "\n",
      "Epoch:    9/10    Loss: 2.6176454825401305\n",
      "\n",
      "Epoch:    9/10    Loss: 2.846744339466095\n",
      "\n",
      "Epoch:    9/10    Loss: 2.9786849131584168\n",
      "\n",
      "Epoch:    9/10    Loss: 2.9038844158649444\n",
      "\n",
      "Epoch:    9/10    Loss: 2.821015332698822\n",
      "\n",
      "Epoch:    9/10    Loss: 2.6928255879878997\n",
      "\n",
      "Epoch:    9/10    Loss: 2.6071789629459383\n",
      "\n",
      "Epoch:    9/10    Loss: 2.775771503686905\n",
      "\n",
      "Epoch:    9/10    Loss: 2.662596922636032\n",
      "\n",
      "Epoch:    9/10    Loss: 2.7659839096069336\n",
      "\n",
      "Epoch:    9/10    Loss: 2.6798310205936433\n",
      "\n",
      "Epoch:    9/10    Loss: 2.6143560552597047\n",
      "\n",
      "Epoch:    9/10    Loss: 2.7623226969242096\n",
      "\n",
      "Epoch:    9/10    Loss: 2.7615273485183716\n",
      "\n",
      "Epoch:    9/10    Loss: 2.736816570281982\n",
      "\n",
      "Epoch:    9/10    Loss: 2.5981525864601136\n",
      "\n",
      "Epoch:    9/10    Loss: 2.599349852800369\n",
      "\n",
      "Epoch:    9/10    Loss: 2.6631067852973938\n",
      "\n",
      "Epoch:    9/10    Loss: 2.6699816513061525\n",
      "\n",
      "Epoch:    9/10    Loss: 2.6464155254364012\n",
      "\n",
      "Epoch:   10/10    Loss: 2.676391923207841\n",
      "\n",
      "Epoch:   10/10    Loss: 2.6403727378845216\n",
      "\n",
      "Epoch:   10/10    Loss: 2.662915324449539\n",
      "\n",
      "Epoch:   10/10    Loss: 2.5674404568672182\n",
      "\n",
      "Epoch:   10/10    Loss: 2.6653419967889787\n",
      "\n",
      "Epoch:   10/10    Loss: 2.6417520208358765\n",
      "\n",
      "Epoch:   10/10    Loss: 2.5549035737514494\n",
      "\n",
      "Epoch:   10/10    Loss: 2.6881053874492644\n",
      "\n",
      "Epoch:   10/10    Loss: 2.5485414645671844\n",
      "\n",
      "Epoch:   10/10    Loss: 2.448145123004913\n",
      "\n",
      "Epoch:   10/10    Loss: 2.634736313343048\n",
      "\n",
      "Epoch:   10/10    Loss: 2.771056591272354\n",
      "\n",
      "Epoch:   10/10    Loss: 2.6756468636989594\n",
      "\n",
      "Epoch:   10/10    Loss: 2.63531578874588\n",
      "\n",
      "Epoch:   10/10    Loss: 2.518399824142456\n",
      "\n",
      "Epoch:   10/10    Loss: 2.448123331308365\n",
      "\n",
      "Epoch:   10/10    Loss: 2.5808618788719175\n",
      "\n",
      "Epoch:   10/10    Loss: 2.4850017070770263\n",
      "\n",
      "Epoch:   10/10    Loss: 2.5568675932884215\n",
      "\n",
      "Epoch:   10/10    Loss: 2.4913967928886414\n",
      "\n",
      "Epoch:   10/10    Loss: 2.480936046361923\n",
      "\n",
      "Epoch:   10/10    Loss: 2.582275463581085\n",
      "\n",
      "Epoch:   10/10    Loss: 2.561832817554474\n",
      "\n",
      "Epoch:   10/10    Loss: 2.5194857156276704\n",
      "\n",
      "Epoch:   10/10    Loss: 2.4078562407493593\n",
      "\n",
      "Epoch:   10/10    Loss: 2.420575219631195\n",
      "\n",
      "Epoch:   10/10    Loss: 2.4584711966514585\n",
      "\n",
      "Epoch:   10/10    Loss: 2.4926842899322508\n",
      "\n",
      "Epoch:   10/10    Loss: 2.515340820074081\n",
      "\n",
      "Model Trained and Saved\n"
     ]
    },
    {
     "name": "stderr",
     "output_type": "stream",
     "text": [
      "/opt/conda/lib/python3.6/site-packages/torch/serialization.py:193: UserWarning: Couldn't retrieve source code for container of type RNN. It won't be checked for correctness upon loading.\n",
      "  \"type \" + obj.__name__ + \". It won't be checked \"\n"
     ]
    }
   ],
   "source": [
    "\"\"\"\n",
    "DON'T MODIFY ANYTHING IN THIS CELL\n",
    "\"\"\"\n",
    "\n",
    "# create model and move to gpu if available\n",
    "rnn = RNN(vocab_size, output_size, embedding_dim, hidden_dim, n_layers, dropout=0.01)\n",
    "if train_on_gpu:\n",
    "    rnn.cuda()\n",
    "\n",
    "# defining loss and optimization functions for training\n",
    "optimizer = torch.optim.Adam(rnn.parameters(), lr=learning_rate)\n",
    "criterion = nn.CrossEntropyLoss()\n",
    "\n",
    "# training the model\n",
    "trained_rnn = train_rnn(rnn, batch_size, optimizer, criterion, num_epochs, show_every_n_batches)\n",
    "\n",
    "# saving the trained model\n",
    "helper.save_model('./save/trained_rnn', trained_rnn)\n",
    "print('Model Trained and Saved')"
   ]
  },
  {
   "cell_type": "markdown",
   "metadata": {},
   "source": [
    "### Question: How did you decide on your model hyperparameters? \n",
    "For example, did you try different sequence_lengths and find that one size made the model converge faster? What about your hidden_dim and n_layers; how did you decide on those?"
   ]
  },
  {
   "cell_type": "markdown",
   "metadata": {},
   "source": [
    "**Answer:** \n",
    "* num_epochs = 10 Started with one epoch to see if the loss was going down, then increased to 10 where the loss estabilized\n",
    "* learning_rate = 0.001 - I choose a tiny learning rate and saw that the loss was going down pretty good, so no need to increase it\n",
    "* embedding_dim = 400 - I choose 400 as an initital embedding size, I will try lowering it to see if I have the same results, faster\n",
    "* hidden_dim = 256 - I tested higher values for hidde_dim, but the training took too long, so I decreaed it and the performance was the same\n",
    "* n_layers = 3 - I setted a low number for n_layers to increase the speed of training\n",
    "\n"
   ]
  },
  {
   "cell_type": "markdown",
   "metadata": {},
   "source": [
    "---\n",
    "# Checkpoint\n",
    "\n",
    "After running the above training cell, your model will be saved by name, `trained_rnn`, and if you save your notebook progress, **you can pause here and come back to this code at another time**. You can resume your progress by running the next cell, which will load in our word:id dictionaries _and_ load in your saved model by name!"
   ]
  },
  {
   "cell_type": "code",
   "execution_count": 195,
   "metadata": {},
   "outputs": [],
   "source": [
    "\"\"\"\n",
    "DON'T MODIFY ANYTHING IN THIS CELL\n",
    "\"\"\"\n",
    "import torch\n",
    "import helper\n",
    "import problem_unittests as tests\n",
    "\n",
    "_, vocab_to_int, int_to_vocab, token_dict = helper.load_preprocess()\n",
    "trained_rnn = helper.load_model('./save/trained_rnn')"
   ]
  },
  {
   "cell_type": "markdown",
   "metadata": {},
   "source": [
    "## Generate TV Script\n",
    "With the network trained and saved, you'll use it to generate a new, \"fake\" Seinfeld TV script in this section.\n",
    "\n",
    "### Generate Text\n",
    "To generate the text, the network needs to start with a single word and repeat its predictions until it reaches a set length. You'll be using the `generate` function to do this. It takes a word id to start with, `prime_id`, and generates a set length of text, `predict_len`. Also note that it uses topk sampling to introduce some randomness in choosing the most likely next word, given an output set of word scores!"
   ]
  },
  {
   "cell_type": "code",
   "execution_count": 196,
   "metadata": {},
   "outputs": [],
   "source": [
    "\"\"\"\n",
    "DON'T MODIFY ANYTHING IN THIS CELL THAT IS BELOW THIS LINE\n",
    "\"\"\"\n",
    "import torch.nn.functional as F\n",
    "\n",
    "def generate(rnn, prime_id, int_to_vocab, token_dict, pad_value, predict_len=100):\n",
    "    \"\"\"\n",
    "    \n",
    "    Generate text using the neural network\n",
    "    :param decoder: The PyTorch Module that holds the trained neural network\n",
    "    :param prime_id: The word id to start the first prediction\n",
    "    :param int_to_vocab: Dict of word id keys to word values\n",
    "    :param token_dict: Dict of puncuation tokens keys to puncuation values\n",
    "    :param pad_value: The value used to pad a sequence\n",
    "    :param predict_len: The length of text to generate\n",
    "    :return: The generated text\n",
    "    \"\"\"\n",
    "    rnn.eval()\n",
    "    \n",
    "    # create a sequence (batch_size=1) with the prime_id\n",
    "    current_seq = np.full((1, sequence_length), pad_value)\n",
    "    current_seq[-1][-1] = prime_id\n",
    "    predicted = [int_to_vocab[prime_id]]\n",
    "    \n",
    "    for _ in range(predict_len):\n",
    "        if train_on_gpu:\n",
    "            current_seq = torch.LongTensor(current_seq).cuda()\n",
    "        else:\n",
    "            current_seq = torch.LongTensor(current_seq)\n",
    "        \n",
    "        # initialize the hidden state\n",
    "        hidden = rnn.init_hidden(current_seq.size(0))\n",
    "        \n",
    "        # get the output of the rnn\n",
    "        output, _ = rnn(current_seq, hidden)\n",
    "        \n",
    "        # get the next word probabilities\n",
    "        p = F.softmax(output, dim=1).data\n",
    "        if(train_on_gpu):\n",
    "            p = p.cpu() # move to cpu\n",
    "         \n",
    "        # use top_k sampling to get the index of the next word\n",
    "        top_k = 5\n",
    "        p, top_i = p.topk(top_k)\n",
    "        top_i = top_i.numpy().squeeze()\n",
    "        \n",
    "        # select the likely next word index with some element of randomness\n",
    "        p = p.numpy().squeeze()\n",
    "        word_i = np.random.choice(top_i, p=p/p.sum())\n",
    "        \n",
    "        # retrieve that word from the dictionary\n",
    "        word = int_to_vocab[word_i]\n",
    "        predicted.append(word)     \n",
    "        \n",
    "        # the generated word becomes the next \"current sequence\" and the cycle can continue\n",
    "        current_seq = np.roll(current_seq, -1, 1)\n",
    "        current_seq[-1][-1] = word_i\n",
    "    \n",
    "    gen_sentences = ' '.join(predicted)\n",
    "    \n",
    "    # Replace punctuation tokens\n",
    "    for key, token in token_dict.items():\n",
    "        ending = ' ' if key in ['\\n', '(', '\"'] else ''\n",
    "        gen_sentences = gen_sentences.replace(' ' + token.lower(), key)\n",
    "    gen_sentences = gen_sentences.replace('\\n ', '\\n')\n",
    "    gen_sentences = gen_sentences.replace('( ', '(')\n",
    "    \n",
    "    # return all the sentences\n",
    "    return gen_sentences"
   ]
  },
  {
   "cell_type": "markdown",
   "metadata": {},
   "source": [
    "### Generate a New Script\n",
    "It's time to generate the text. Set `gen_length` to the length of TV script you want to generate and set `prime_word` to one of the following to start the prediction:\n",
    "- \"jerry\"\n",
    "- \"elaine\"\n",
    "- \"george\"\n",
    "- \"kramer\"\n",
    "\n",
    "You can set the prime word to _any word_ in our dictionary, but it's best to start with a name for generating a TV script. (You can also start with any other names you find in the original text file!)"
   ]
  },
  {
   "cell_type": "code",
   "execution_count": 197,
   "metadata": {},
   "outputs": [
    {
     "name": "stderr",
     "output_type": "stream",
     "text": [
      "/opt/conda/lib/python3.6/site-packages/ipykernel_launcher.py:48: UserWarning: RNN module weights are not part of single contiguous chunk of memory. This means they need to be compacted at every call, possibly greatly increasing memory usage. To compact weights again call flatten_parameters().\n"
     ]
    },
    {
     "name": "stdout",
     "output_type": "stream",
     "text": [
      "jerry: show the phone. ]- the flag?\n",
      "\n",
      "hoyt:\" how people you would passed chit anymore?\n",
      "\n",
      "chiles: i think we've? save a one?\n",
      "\n",
      "hoyt: witness: day if you'll get any-\n",
      "\n",
      "jerry: oh, please? let's leave.\n",
      "intentionally hoyt:! it's here!\n",
      "\n",
      "hoyt: witness: move in the fault is a fault is in the one?\n",
      "\n",
      "chiles: did you hold the way?\n",
      "\n",
      "jerry: oh, please, forget a good grotto?\n",
      "\n",
      "jerry: yeah, forget a way in. it's a dangerous juicy in my one coolers. officer, they should these they used to see you.\n",
      "\n",
      "hoyt: witness: one is intentionally intentionally!\n",
      "\n",
      "hoyt: 3: a one is was drop in the one is looks the lowest is a waste to remember?\n",
      "\n",
      "hoyt: hoyt: is someone, and they had a contest anymore. come on and we'll eat to you, and one is someone.\n",
      "\n",
      "hoyt: no, what's this real night is someone, i had my one- absorption lady before you said i've had a record in a little life, a day?\n",
      "\n",
      "elaine: intentionally under a good playworld from conversation.\n",
      "\n",
      "hoyt: witness: nazi?\n",
      "\n",
      "george: please.\n",
      "\n",
      "hoyt: please! ] which is?\n",
      "\n",
      "chiles: can we come on?\n",
      "\n",
      "hoyt: witness: called out.\n",
      "\n",
      "jerry: well save years from the hand of a little club in under\n",
      "\n",
      "jerry: the way that they would take to be these getaway articulate!\n",
      "\n",
      "chiles: see every good save no!\n",
      "\n",
      "chiles: you're not?\n",
      "\n",
      "chiles: i want to see these without people?\n",
      "\n",
      "jerry: oh, please.\n",
      "\n",
      "elaine: i want to see what you're doing?\n",
      "\n",
      "hoyt: witness: had real one of us?\n",
      "\n",
      "hoyt: is it, we're sorry.\n",
      "\n",
      "hoyt: literally.\n",
      "\n",
      "hoyt: literally.\n",
      "\n",
      "hoyt: literally- please?\n",
      "\n",
      "elaine: no, its going to the contest from his own permission.\n",
      "\n",
      "hoyt: witness: or people is someone, and you'll\n"
     ]
    }
   ],
   "source": [
    "# run the cell multiple times to get different results!\n",
    "gen_length = 400 # modify the length to your preference\n",
    "prime_word = 'jerry' # name for starting the script\n",
    "\n",
    "\"\"\"\n",
    "DON'T MODIFY ANYTHING IN THIS CELL THAT IS BELOW THIS LINE\n",
    "\"\"\"\n",
    "pad_word = helper.SPECIAL_WORDS['PADDING']\n",
    "generated_script = generate(trained_rnn, vocab_to_int[prime_word + ':'], int_to_vocab, token_dict, vocab_to_int[pad_word], gen_length)\n",
    "print(generated_script)"
   ]
  },
  {
   "cell_type": "markdown",
   "metadata": {},
   "source": [
    "#### Save your favorite scripts\n",
    "\n",
    "Once you have a script that you like (or find interesting), save it to a text file!"
   ]
  },
  {
   "cell_type": "code",
   "execution_count": 198,
   "metadata": {},
   "outputs": [],
   "source": [
    "# save script to a text file\n",
    "f =  open(\"generated_script_1.txt\",\"w\")\n",
    "f.write(generated_script)\n",
    "f.close()"
   ]
  },
  {
   "cell_type": "markdown",
   "metadata": {},
   "source": [
    "# The TV Script is Not Perfect\n",
    "It's ok if the TV script doesn't make perfect sense. It should look like alternating lines of dialogue, here is one such example of a few generated lines.\n",
    "\n",
    "### Example generated script\n",
    "\n",
    ">jerry: what about me?\n",
    ">\n",
    ">jerry: i don't have to wait.\n",
    ">\n",
    ">kramer:(to the sales table)\n",
    ">\n",
    ">elaine:(to jerry) hey, look at this, i'm a good doctor.\n",
    ">\n",
    ">newman:(to elaine) you think i have no idea of this...\n",
    ">\n",
    ">elaine: oh, you better take the phone, and he was a little nervous.\n",
    ">\n",
    ">kramer:(to the phone) hey, hey, jerry, i don't want to be a little bit.(to kramer and jerry) you can't.\n",
    ">\n",
    ">jerry: oh, yeah. i don't even know, i know.\n",
    ">\n",
    ">jerry:(to the phone) oh, i know.\n",
    ">\n",
    ">kramer:(laughing) you know...(to jerry) you don't know.\n",
    "\n",
    "You can see that there are multiple characters that say (somewhat) complete sentences, but it doesn't have to be perfect! It takes quite a while to get good results, and often, you'll have to use a smaller vocabulary (and discard uncommon words), or get more data.  The Seinfeld dataset is about 3.4 MB, which is big enough for our purposes; for script generation you'll want more than 1 MB of text, generally. \n",
    "\n",
    "# Submitting This Project\n",
    "When submitting this project, make sure to run all the cells before saving the notebook. Save the notebook file as \"dlnd_tv_script_generation.ipynb\" and save another copy as an HTML file by clicking \"File\" -> \"Download as..\"->\"html\". Include the \"helper.py\" and \"problem_unittests.py\" files in your submission. Once you download these files, compress them into one zip file for submission."
   ]
  },
  {
   "cell_type": "code",
   "execution_count": null,
   "metadata": {},
   "outputs": [],
   "source": []
  }
 ],
 "metadata": {
  "kernelspec": {
   "display_name": "Python 3",
   "language": "python",
   "name": "python3"
  },
  "language_info": {
   "codemirror_mode": {
    "name": "ipython",
    "version": 3
   },
   "file_extension": ".py",
   "mimetype": "text/x-python",
   "name": "python",
   "nbconvert_exporter": "python",
   "pygments_lexer": "ipython3",
   "version": "3.6.3"
  },
  "widgets": {
   "state": {},
   "version": "1.1.2"
  }
 },
 "nbformat": 4,
 "nbformat_minor": 1
}
